GeneID,GeneName,PrimerSeq
ENSG00000165948,IFI27L1,GGAGATGACTTTCCTGGGCC
ENSG00000130312,MRPL34,CCCAGTACCCTGACTACCGA
ENSG00000140829,DHX38,TGTATGCGTGACTTGGCTGT
ENSG00000196876,SCN8A,CACCTCCTCGACTTGTTCCC
ENSG00000247596,TWF2,GCACAGCCCAGAAACCTTTG
ENSG00000167548,KMT2D,TTTAAAGCGCCCTCTCTCCC
ENSG00000068383,INPP5A,AGCTGTTGGTCGTTCTGAGG
ENSG00000123384,LRP1,AAACATTCCTCCAGCCTCCC
ENSG00000117000,RLF,ACCTGAGGGTGCTTTGTGTA
ENSG00000142528,ZNF473,GAAAACTGGCAGCCATTGGG
ENSG00000213015,ZNF580,AGCCTGTGCAAGTGACATGA
ENSG00000077279,DCX,CGCAGCATTCAATACCAGGC
ENSG00000185187,SIGIRR,GATCTCGGCTCGCGAAACTA
ENSG00000140521,POLG,GCCAACATCGGTGTGGACTA
ENSG00000136100,VPS36,AGGGCCTGGACACAATAAGC
