gene_id	peak_id	primer_index	primer_type	primer_sequence	gene_strand	rationale	primer_id	num_alignments	aligned_gene_name	zero_mismatch_alignments	distance_to_end_min
GTGTGAACCTGGGAGTGCTT	ENSG00000082641	peak_1	1	GTGTGAACCTGGGAGTGCTT	LEFT	+	LEFT primer matches mRNA sequence (positive-strand gene: genomic template matches mRNA)	ENSG00000082641|peak_1|idx1|LEFT|strand+	4	NFE2L1	4	140
AGTGCATGCTCTGTGTGGAA	ENSG00000101367	peak_1	0	AGTGCATGCTCTGTGTGGAA	LEFT	+	LEFT primer matches mRNA sequence (positive-strand gene: genomic template matches mRNA)	ENSG00000101367|peak_1|idx0|LEFT|strand+	1	MAPRE1	1	241
ACACCAACCAAACCACTCCT	ENSG00000108960	peak_1	12	ACACCAACCAAACCACTCCT	LEFT	-	LEFT primer matches mRNA sequence (negative-strand gene: genomic template matches mRNA)	ENSG00000108960|peak_1|idx12|LEFT|strand-	2	MMD	2	169
TTCAGTGCCACTTCTTGCCA	ENSG00000112078	peak_1	1	TTCAGTGCCACTTCTTGCCA	LEFT	+	LEFT primer matches mRNA sequence (positive-strand gene: genomic template matches mRNA)	ENSG00000112078|peak_1|idx1|LEFT|strand+	2	KCTD20	2	275
GAGTGGAGCAGGCAGATACC	ENSG00000125458	peak_1	0	GAGTGGAGCAGGCAGATACC	LEFT	-	LEFT primer matches mRNA sequence (negative-strand gene: genomic template matches mRNA)	ENSG00000125458|peak_1|idx0|LEFT|strand-	7	NT5C	7	50
CTGCCCTAAGGTGCCATTGA	ENSG00000133612	peak_1	0	CTGCCCTAAGGTGCCATTGA	LEFT	+	LEFT primer matches mRNA sequence (positive-strand gene: genomic template matches mRNA)	ENSG00000133612|peak_1|idx0|LEFT|strand+	5	AGAP3	5	284
ACCAGACTGGGTTATTGCCA	ENSG00000141424	peak_1	1	ACCAGACTGGGTTATTGCCA	LEFT	-	LEFT primer matches mRNA sequence (negative-strand gene: genomic template matches mRNA)	ENSG00000141424|peak_1|idx1|LEFT|strand-	1	SLC39A6	1	295
TAACCCCGGGCAAGACTTTT	ENSG00000142192	peak_1	1	TAACCCCGGGCAAGACTTTT	LEFT	-	LEFT primer matches mRNA sequence (negative-strand gene: genomic template matches mRNA)	ENSG00000142192|peak_1|idx1|LEFT|strand-	8	APP	8	250
GCGTGCCGAAGTTAGTTGTC	ENSG00000143641	peak_1	0	GCGTGCCGAAGTTAGTTGTC	LEFT	+	LEFT primer matches mRNA sequence (positive-strand gene: genomic template matches mRNA)	ENSG00000143641|peak_1|idx0|LEFT|strand+	2	GALNT2	2	232
GCCTCTGTCTAGCATGCCAA	ENSG00000156298	peak_1	0	GCCTCTGTCTAGCATGCCAA	LEFT	+	LEFT primer matches mRNA sequence (positive-strand gene: genomic template matches mRNA)	ENSG00000156298|peak_1|idx0|LEFT|strand+	2	TSPAN7	2	85
CTCGGGCAGCAGAATCAGAT	ENSG00000159023	peak_1	0	CTCGGGCAGCAGAATCAGAT	LEFT	+	LEFT primer matches mRNA sequence (positive-strand gene: genomic template matches mRNA)	ENSG00000159023|peak_1|idx0|LEFT|strand+	5	EPB41	5	158
AACCTGGACAGTTCGCTTCT	ENSG00000162607	peak_1	4	AACCTGGACAGTTCGCTTCT	LEFT	+	LEFT primer matches mRNA sequence (positive-strand gene: genomic template matches mRNA)	ENSG00000162607|peak_1|idx4|LEFT|strand+	2	USP1	2	279
GCAGTGTGAGTTTGCCGTTT	ENSG00000163902	peak_1	2	GCAGTGTGAGTTTGCCGTTT	LEFT	-	LEFT primer matches mRNA sequence (negative-strand gene: genomic template matches mRNA)	ENSG00000163902|peak_1|idx2|LEFT|strand-	2	RPN1	2	103
GTGGCTGAAGTGTACGACCA	ENSG00000179950	peak_1	1	GTGGCTGAAGTGTACGACCA	LEFT	-	LEFT primer matches mRNA sequence (negative-strand gene: genomic template matches mRNA)	ENSG00000179950|peak_1|idx1|LEFT|strand-	22	PUF60	22	39
TCCCTTTTCCTTCCTGTGCC	ENSG00000225663	peak_1	1	TCCCTTTTCCTTCCTGTGCC	LEFT	-	LEFT primer matches mRNA sequence (negative-strand gene: genomic template matches mRNA)	ENSG00000225663|peak_1|idx1|LEFT|strand-	7	MCRIP1	7	51
